{
	"pages": [
		//pages数组中第一项表示应用启动页，参考：https://uniapp.dcloud.io/collocation/pages
		{
			"path": "pages/basics/layout",
			"style": {}
		}
	],
	"globalStyle": {
		"mp-alipay": {
			/* 支付宝小程序特有相关 */
			"transparentTitle": "always",
			"allowsBounceVertical": "NO"
		},
		"navigationBarBackgroundColor": "#0081ff",
		"navigationBarTitleText": "ColorUi for UniApp",
		"navigationStyle": "custom",
		"navigationBarTextStyle": "white"
	},
	"usingComponts": true,
		"condition": { //模式配置，仅开发期间生效
		"current": 0, //当前激活的模式(list 的索引项)
		"list": [{
				"name": "表单", //模式名称
				"path": "pages/basics/layout", //启动页面
				"query": "" //启动参数
			}
		]
	}

}
