{"abiSet":"所有","apkTemplatePath":"","appName":"测试程序名","autoActive":"是","auto_run_boot_script":"否","auto_run_script":"否","auto_start_service":"否","ctrl_float_window":"是","enc_pwd":"","iconPath":"C:\\Users\\53131\\Desktop\\se7en.jpg","imageModule":"是","log_float_window":"是","logo_path":"","mainColor":"","pkgName":"com.pkg2.mytestapp","pkg_source_option":"js","producer_name":"","running_mode":"无障碍模式","show_header_bar":"是","show_start_btn":"是","show_system_setting_btn":"是","version_code":"50012","version_name":"5.0.0.RC12"}